ID,label
TEST_0000,-1
TEST_0001,-1
TEST_0002,-1
TEST_0003,-1
TEST_0004,-1
TEST_0005,-1
TEST_0006,-1
TEST_0007,-1
TEST_0008,-1
TEST_0009,-1
TEST_0010,-1
TEST_0011,-1
TEST_0012,-1
TEST_0013,-1
TEST_0014,-1
TEST_0015,-1
TEST_0016,-1
TEST_0017,-1
TEST_0018,-1
TEST_0019,-1
TEST_0020,-1
TEST_0021,-1
TEST_0022,-1
TEST_0023,-1
TEST_0024,-1
TEST_0025,-1
TEST_0026,-1
TEST_0027,-1
TEST_0028,-1
TEST_0029,-1
TEST_0030,-1
TEST_0031,-1
TEST_0032,-1
TEST_0033,-1
TEST_0034,-1
TEST_0035,-1
TEST_0036,-1
TEST_0037,-1
TEST_0038,-1
TEST_0039,-1
TEST_0040,-1
TEST_0041,-1
TEST_0042,-1
TEST_0043,-1
TEST_0044,-1
TEST_0045,-1
TEST_0046,-1
TEST_0047,-1
TEST_0048,-1
TEST_0049,-1
TEST_0050,-1
TEST_0051,-1
TEST_0052,-1
TEST_0053,-1
TEST_0054,-1
TEST_0055,-1
TEST_0056,-1
TEST_0057,-1
TEST_0058,-1
TEST_0059,-1
TEST_0060,-1
TEST_0061,-1
TEST_0062,-1
TEST_0063,-1
TEST_0064,-1
TEST_0065,-1
TEST_0066,-1
TEST_0067,-1
TEST_0068,-1
TEST_0069,-1
TEST_0070,-1
TEST_0071,-1
TEST_0072,-1
TEST_0073,-1
TEST_0074,-1
TEST_0075,-1
TEST_0076,-1
TEST_0077,-1
TEST_0078,-1
TEST_0079,-1
TEST_0080,-1
TEST_0081,-1
TEST_0082,-1
TEST_0083,-1
TEST_0084,-1
TEST_0085,-1
TEST_0086,-1
TEST_0087,-1
TEST_0088,-1
TEST_0089,-1
TEST_0090,-1
TEST_0091,-1
TEST_0092,-1
TEST_0093,-1
TEST_0094,-1
TEST_0095,-1
TEST_0096,-1
TEST_0097,-1
TEST_0098,-1
TEST_0099,-1
TEST_0100,-1
TEST_0101,-1
TEST_0102,-1
TEST_0103,-1
TEST_0104,-1
TEST_0105,-1
TEST_0106,-1
TEST_0107,-1
TEST_0108,-1
TEST_0109,-1
TEST_0110,-1
TEST_0111,-1
TEST_0112,-1
TEST_0113,-1
TEST_0114,-1
TEST_0115,-1
TEST_0116,-1
TEST_0117,-1
TEST_0118,-1
TEST_0119,-1
TEST_0120,-1
TEST_0121,-1
TEST_0122,-1
TEST_0123,-1
TEST_0124,-1
TEST_0125,-1
TEST_0126,-1
TEST_0127,-1
TEST_0128,-1
TEST_0129,-1
TEST_0130,-1
TEST_0131,-1
TEST_0132,-1
TEST_0133,-1
TEST_0134,-1
TEST_0135,-1
TEST_0136,-1
TEST_0137,-1
TEST_0138,-1
TEST_0139,-1
TEST_0140,-1
TEST_0141,-1
TEST_0142,-1
TEST_0143,-1
TEST_0144,-1
TEST_0145,-1
TEST_0146,-1
TEST_0147,-1
TEST_0148,-1
TEST_0149,-1
TEST_0150,-1
TEST_0151,-1
TEST_0152,-1
TEST_0153,-1
TEST_0154,-1
TEST_0155,-1
TEST_0156,-1
TEST_0157,-1
TEST_0158,-1
TEST_0159,-1
TEST_0160,-1
TEST_0161,-1
TEST_0162,-1
TEST_0163,-1
TEST_0164,-1
TEST_0165,-1
TEST_0166,-1
TEST_0167,-1
TEST_0168,-1
TEST_0169,-1
TEST_0170,-1
TEST_0171,-1
TEST_0172,-1
TEST_0173,-1
TEST_0174,-1
TEST_0175,-1
TEST_0176,-1
TEST_0177,-1
TEST_0178,-1
TEST_0179,-1
TEST_0180,-1
TEST_0181,-1
TEST_0182,-1
TEST_0183,-1
TEST_0184,-1
TEST_0185,-1
TEST_0186,-1
TEST_0187,-1
TEST_0188,-1
TEST_0189,-1
TEST_0190,-1
TEST_0191,-1
TEST_0192,-1
TEST_0193,-1
TEST_0194,-1
TEST_0195,-1
TEST_0196,-1
TEST_0197,-1
TEST_0198,-1
TEST_0199,-1
TEST_0200,-1
TEST_0201,-1
TEST_0202,-1
TEST_0203,-1
TEST_0204,-1
TEST_0205,-1
TEST_0206,-1
TEST_0207,-1
TEST_0208,-1
TEST_0209,-1
TEST_0210,-1
TEST_0211,-1
TEST_0212,-1
TEST_0213,-1
TEST_0214,-1
TEST_0215,-1
TEST_0216,-1
TEST_0217,-1
TEST_0218,-1
TEST_0219,-1
TEST_0220,-1
TEST_0221,-1
TEST_0222,-1
TEST_0223,-1
TEST_0224,-1
TEST_0225,-1
TEST_0226,-1
TEST_0227,-1
TEST_0228,-1
TEST_0229,-1
TEST_0230,-1
TEST_0231,-1
TEST_0232,-1
TEST_0233,-1
TEST_0234,-1
TEST_0235,-1
TEST_0236,-1
TEST_0237,-1
TEST_0238,-1
TEST_0239,-1
TEST_0240,-1
TEST_0241,-1
TEST_0242,-1
TEST_0243,-1
TEST_0244,-1
TEST_0245,-1
TEST_0246,-1
TEST_0247,-1
TEST_0248,-1
TEST_0249,-1
TEST_0250,-1
TEST_0251,-1
TEST_0252,-1
TEST_0253,-1
TEST_0254,-1
TEST_0255,-1
TEST_0256,-1
TEST_0257,-1
TEST_0258,-1
TEST_0259,-1
TEST_0260,-1
TEST_0261,-1
TEST_0262,-1
TEST_0263,-1
TEST_0264,-1
TEST_0265,-1
TEST_0266,-1
TEST_0267,-1
TEST_0268,-1
TEST_0269,-1
TEST_0270,-1
TEST_0271,-1
TEST_0272,-1
TEST_0273,-1
TEST_0274,-1
TEST_0275,-1
TEST_0276,-1
TEST_0277,-1
TEST_0278,-1
TEST_0279,-1
TEST_0280,-1
TEST_0281,-1
TEST_0282,-1
TEST_0283,-1
TEST_0284,-1
TEST_0285,-1
TEST_0286,-1
TEST_0287,-1
TEST_0288,-1
TEST_0289,-1
TEST_0290,-1
TEST_0291,-1
TEST_0292,-1
TEST_0293,-1
TEST_0294,-1
TEST_0295,-1
TEST_0296,-1
TEST_0297,-1
TEST_0298,-1
TEST_0299,-1
TEST_0300,-1
TEST_0301,-1
TEST_0302,-1
TEST_0303,-1
TEST_0304,-1
TEST_0305,-1
TEST_0306,-1
TEST_0307,-1
TEST_0308,-1
TEST_0309,-1
TEST_0310,-1
TEST_0311,-1
TEST_0312,-1
TEST_0313,-1
TEST_0314,-1
TEST_0315,-1
TEST_0316,-1
TEST_0317,-1
TEST_0318,-1
TEST_0319,-1
TEST_0320,-1
TEST_0321,-1
TEST_0322,-1
TEST_0323,-1
TEST_0324,-1
TEST_0325,-1
TEST_0326,-1
TEST_0327,-1
TEST_0328,-1
TEST_0329,-1
TEST_0330,-1
TEST_0331,-1
TEST_0332,-1
TEST_0333,-1
TEST_0334,-1
TEST_0335,-1
TEST_0336,-1
TEST_0337,-1
TEST_0338,-1
TEST_0339,-1
TEST_0340,-1
TEST_0341,-1
TEST_0342,-1
TEST_0343,-1
TEST_0344,-1
TEST_0345,-1
TEST_0346,-1
TEST_0347,-1
TEST_0348,-1
TEST_0349,-1
TEST_0350,-1
TEST_0351,-1
TEST_0352,-1
TEST_0353,-1
TEST_0354,-1
TEST_0355,-1
TEST_0356,-1
TEST_0357,-1
TEST_0358,-1
TEST_0359,-1
TEST_0360,-1
TEST_0361,-1
TEST_0362,-1
TEST_0363,-1
TEST_0364,-1
TEST_0365,-1
TEST_0366,-1
TEST_0367,-1
TEST_0368,-1
TEST_0369,-1
TEST_0370,-1
TEST_0371,-1
TEST_0372,-1
TEST_0373,-1
TEST_0374,-1
TEST_0375,-1
TEST_0376,-1
TEST_0377,-1
TEST_0378,-1
TEST_0379,-1
TEST_0380,-1
TEST_0381,-1
TEST_0382,-1
TEST_0383,-1
TEST_0384,-1
TEST_0385,-1
TEST_0386,-1
TEST_0387,-1
TEST_0388,-1
TEST_0389,-1
TEST_0390,-1
TEST_0391,-1
TEST_0392,-1
TEST_0393,-1
TEST_0394,-1
TEST_0395,-1
TEST_0396,-1
TEST_0397,-1
TEST_0398,-1
TEST_0399,-1
TEST_0400,-1
TEST_0401,-1
TEST_0402,-1
TEST_0403,-1
TEST_0404,-1
TEST_0405,-1
TEST_0406,-1
TEST_0407,-1
TEST_0408,-1
TEST_0409,-1
TEST_0410,-1
TEST_0411,-1
TEST_0412,-1
TEST_0413,-1
TEST_0414,-1
TEST_0415,-1
TEST_0416,-1
TEST_0417,-1
TEST_0418,-1
TEST_0419,-1
TEST_0420,-1
TEST_0421,-1
TEST_0422,-1
TEST_0423,-1
TEST_0424,-1
TEST_0425,-1
TEST_0426,-1
TEST_0427,-1
TEST_0428,-1
TEST_0429,-1
TEST_0430,-1
TEST_0431,-1
TEST_0432,-1
TEST_0433,-1
TEST_0434,-1
TEST_0435,-1
TEST_0436,-1
TEST_0437,-1
TEST_0438,-1
TEST_0439,-1
TEST_0440,-1
TEST_0441,-1
TEST_0442,-1
TEST_0443,-1
TEST_0444,-1
TEST_0445,-1
TEST_0446,-1
TEST_0447,-1
TEST_0448,-1
TEST_0449,-1
TEST_0450,-1
TEST_0451,-1
TEST_0452,-1
TEST_0453,-1
TEST_0454,-1
TEST_0455,-1
TEST_0456,-1
TEST_0457,-1
TEST_0458,-1
TEST_0459,-1
TEST_0460,-1
TEST_0461,-1
TEST_0462,-1
TEST_0463,-1
TEST_0464,-1
TEST_0465,-1
TEST_0466,-1
TEST_0467,-1
TEST_0468,-1
TEST_0469,-1
TEST_0470,-1
TEST_0471,-1
TEST_0472,-1
TEST_0473,-1
TEST_0474,-1
TEST_0475,-1
TEST_0476,-1
TEST_0477,-1
TEST_0478,-1
TEST_0479,-1
TEST_0480,-1
TEST_0481,-1
TEST_0482,-1
TEST_0483,-1
TEST_0484,-1
TEST_0485,-1
TEST_0486,-1
TEST_0487,-1
TEST_0488,-1
TEST_0489,-1
TEST_0490,-1
TEST_0491,-1
TEST_0492,-1
TEST_0493,-1
TEST_0494,-1
TEST_0495,-1
TEST_0496,-1
TEST_0497,-1
TEST_0498,-1
TEST_0499,-1
TEST_0500,-1
TEST_0501,-1
TEST_0502,-1
TEST_0503,-1
TEST_0504,-1
TEST_0505,-1
TEST_0506,-1
TEST_0507,-1
TEST_0508,-1
TEST_0509,-1
TEST_0510,-1
TEST_0511,-1
TEST_0512,-1
TEST_0513,-1
TEST_0514,-1
TEST_0515,-1
TEST_0516,-1
TEST_0517,-1
TEST_0518,-1
TEST_0519,-1
TEST_0520,-1
TEST_0521,-1
TEST_0522,-1
TEST_0523,-1
TEST_0524,-1
TEST_0525,-1
TEST_0526,-1
TEST_0527,-1
TEST_0528,-1
TEST_0529,-1
TEST_0530,-1
TEST_0531,-1
TEST_0532,-1
TEST_0533,-1
TEST_0534,-1
TEST_0535,-1
TEST_0536,-1
TEST_0537,-1
TEST_0538,-1
TEST_0539,-1
TEST_0540,-1
TEST_0541,-1
TEST_0542,-1
TEST_0543,-1
TEST_0544,-1
TEST_0545,-1
TEST_0546,-1
TEST_0547,-1
TEST_0548,-1
TEST_0549,-1
TEST_0550,-1
TEST_0551,-1
TEST_0552,-1
TEST_0553,-1
TEST_0554,-1
TEST_0555,-1
TEST_0556,-1
TEST_0557,-1
TEST_0558,-1
TEST_0559,-1
TEST_0560,-1
TEST_0561,-1
TEST_0562,-1
TEST_0563,-1
TEST_0564,-1
TEST_0565,-1
TEST_0566,-1
TEST_0567,-1
TEST_0568,-1
TEST_0569,-1
TEST_0570,-1
TEST_0571,-1
TEST_0572,-1
TEST_0573,-1
TEST_0574,-1
TEST_0575,-1
TEST_0576,-1
TEST_0577,-1
TEST_0578,-1
TEST_0579,-1
TEST_0580,-1
TEST_0581,-1
TEST_0582,-1
TEST_0583,-1
TEST_0584,-1
TEST_0585,-1
TEST_0586,-1
TEST_0587,-1
TEST_0588,-1
TEST_0589,-1
TEST_0590,-1
TEST_0591,-1
TEST_0592,-1
TEST_0593,-1
TEST_0594,-1
TEST_0595,-1
TEST_0596,-1
TEST_0597,-1
TEST_0598,-1
TEST_0599,-1
TEST_0600,-1
TEST_0601,-1
TEST_0602,-1
TEST_0603,-1
TEST_0604,-1
TEST_0605,-1
TEST_0606,-1
TEST_0607,-1
TEST_0608,-1
TEST_0609,-1
TEST_0610,-1
TEST_0611,-1
TEST_0612,-1
TEST_0613,-1
TEST_0614,-1
TEST_0615,-1
TEST_0616,-1
TEST_0617,-1
TEST_0618,-1
TEST_0619,-1
TEST_0620,-1
TEST_0621,-1
TEST_0622,-1
TEST_0623,-1
TEST_0624,-1
TEST_0625,-1
TEST_0626,-1
TEST_0627,-1
TEST_0628,-1
TEST_0629,-1
TEST_0630,-1
TEST_0631,-1
TEST_0632,-1
TEST_0633,-1
TEST_0634,-1
TEST_0635,-1
TEST_0636,-1
TEST_0637,-1
TEST_0638,-1
TEST_0639,-1
TEST_0640,-1
TEST_0641,-1
TEST_0642,-1
TEST_0643,-1
TEST_0644,-1
TEST_0645,-1
TEST_0646,-1
TEST_0647,-1
TEST_0648,-1
TEST_0649,-1
TEST_0650,-1
TEST_0651,-1
TEST_0652,-1
TEST_0653,-1
TEST_0654,-1
TEST_0655,-1
TEST_0656,-1
TEST_0657,-1
TEST_0658,-1
TEST_0659,-1
TEST_0660,-1
TEST_0661,-1
TEST_0662,-1
TEST_0663,-1
TEST_0664,-1
TEST_0665,-1
TEST_0666,-1
TEST_0667,-1
TEST_0668,-1
TEST_0669,-1
TEST_0670,-1
TEST_0671,-1
TEST_0672,-1
TEST_0673,-1
TEST_0674,-1
TEST_0675,-1
TEST_0676,-1
TEST_0677,-1
TEST_0678,-1
TEST_0679,-1
TEST_0680,-1
TEST_0681,-1
TEST_0682,-1
TEST_0683,-1
TEST_0684,-1
TEST_0685,-1
TEST_0686,-1
TEST_0687,-1
TEST_0688,-1
TEST_0689,-1
TEST_0690,-1
TEST_0691,-1
TEST_0692,-1
TEST_0693,-1
TEST_0694,-1
TEST_0695,-1
TEST_0696,-1
TEST_0697,-1
TEST_0698,-1
TEST_0699,-1
TEST_0700,-1
TEST_0701,-1
TEST_0702,-1
TEST_0703,-1
TEST_0704,-1
TEST_0705,-1
TEST_0706,-1
TEST_0707,-1
TEST_0708,-1
TEST_0709,-1
TEST_0710,-1
TEST_0711,-1
TEST_0712,-1
TEST_0713,-1
TEST_0714,-1
TEST_0715,-1
TEST_0716,-1
TEST_0717,-1
TEST_0718,-1
TEST_0719,-1
TEST_0720,-1
TEST_0721,-1
TEST_0722,-1
TEST_0723,-1
TEST_0724,-1
TEST_0725,-1
TEST_0726,-1
TEST_0727,-1
TEST_0728,-1
TEST_0729,-1
TEST_0730,-1
TEST_0731,-1
TEST_0732,-1
TEST_0733,-1
TEST_0734,-1
TEST_0735,-1
TEST_0736,-1
TEST_0737,-1
TEST_0738,-1
TEST_0739,-1
TEST_0740,-1
TEST_0741,-1
TEST_0742,-1
TEST_0743,-1
TEST_0744,-1
TEST_0745,-1
TEST_0746,-1
TEST_0747,-1
TEST_0748,-1
TEST_0749,-1
TEST_0750,-1
TEST_0751,-1
TEST_0752,-1
TEST_0753,-1
TEST_0754,-1
TEST_0755,-1
TEST_0756,-1
TEST_0757,-1
TEST_0758,-1
TEST_0759,-1
TEST_0760,-1
TEST_0761,-1
TEST_0762,-1
TEST_0763,-1
TEST_0764,-1
TEST_0765,-1
TEST_0766,-1
TEST_0767,-1
TEST_0768,-1
TEST_0769,-1
TEST_0770,-1
TEST_0771,-1
TEST_0772,-1
TEST_0773,-1
TEST_0774,-1
TEST_0775,-1
TEST_0776,-1
TEST_0777,-1
TEST_0778,-1
TEST_0779,-1
TEST_0780,-1
TEST_0781,-1
TEST_0782,-1
TEST_0783,-1
TEST_0784,-1
TEST_0785,-1
TEST_0786,-1
TEST_0787,-1
TEST_0788,-1
TEST_0789,-1
TEST_0790,-1
TEST_0791,-1
TEST_0792,-1
TEST_0793,-1
TEST_0794,-1
TEST_0795,-1
TEST_0796,-1
TEST_0797,-1
TEST_0798,-1
TEST_0799,-1
TEST_0800,-1
TEST_0801,-1
TEST_0802,-1
TEST_0803,-1
TEST_0804,-1
TEST_0805,-1
TEST_0806,-1
TEST_0807,-1
TEST_0808,-1
TEST_0809,-1
TEST_0810,-1
TEST_0811,-1
TEST_0812,-1
TEST_0813,-1
TEST_0814,-1
TEST_0815,-1
TEST_0816,-1
TEST_0817,-1
TEST_0818,-1
TEST_0819,-1
TEST_0820,-1
TEST_0821,-1
TEST_0822,-1
TEST_0823,-1
TEST_0824,-1
TEST_0825,-1
TEST_0826,-1
TEST_0827,-1
TEST_0828,-1
TEST_0829,-1
TEST_0830,-1
TEST_0831,-1
TEST_0832,-1
TEST_0833,-1
TEST_0834,-1
TEST_0835,-1
TEST_0836,-1
TEST_0837,-1
TEST_0838,-1
TEST_0839,-1
TEST_0840,-1
TEST_0841,-1
TEST_0842,-1
TEST_0843,-1
TEST_0844,-1
TEST_0845,-1
TEST_0846,-1
TEST_0847,-1
TEST_0848,-1
TEST_0849,-1
TEST_0850,-1
TEST_0851,-1
TEST_0852,-1
TEST_0853,-1
TEST_0854,-1
TEST_0855,-1
TEST_0856,-1
TEST_0857,-1
TEST_0858,-1
TEST_0859,-1
TEST_0860,-1
TEST_0861,-1
TEST_0862,-1
TEST_0863,-1
TEST_0864,-1
TEST_0865,-1
TEST_0866,-1
TEST_0867,-1
TEST_0868,-1
TEST_0869,-1
TEST_0870,-1
TEST_0871,-1
TEST_0872,-1
TEST_0873,-1
TEST_0874,-1
TEST_0875,-1
TEST_0876,-1
TEST_0877,-1
TEST_0878,-1
TEST_0879,-1
TEST_0880,-1
TEST_0881,-1
TEST_0882,-1
TEST_0883,-1
TEST_0884,-1
TEST_0885,-1
TEST_0886,-1
TEST_0887,-1
TEST_0888,-1
TEST_0889,-1
TEST_0890,-1
TEST_0891,-1
TEST_0892,-1
TEST_0893,-1
TEST_0894,-1
TEST_0895,-1
TEST_0896,-1
TEST_0897,-1
TEST_0898,-1
TEST_0899,-1
TEST_0900,-1
TEST_0901,-1
TEST_0902,-1
TEST_0903,-1
TEST_0904,-1
TEST_0905,-1
TEST_0906,-1
TEST_0907,-1
TEST_0908,-1
TEST_0909,-1
TEST_0910,-1
TEST_0911,-1
TEST_0912,-1
TEST_0913,-1
TEST_0914,-1
TEST_0915,-1
TEST_0916,-1
TEST_0917,-1
TEST_0918,-1
TEST_0919,-1
TEST_0920,-1
TEST_0921,-1
TEST_0922,-1
TEST_0923,-1
TEST_0924,-1
TEST_0925,-1
TEST_0926,-1
TEST_0927,-1
TEST_0928,-1
TEST_0929,-1
TEST_0930,-1
TEST_0931,-1
TEST_0932,-1
TEST_0933,-1
TEST_0934,-1
TEST_0935,-1
TEST_0936,-1
TEST_0937,-1
TEST_0938,-1
TEST_0939,-1
TEST_0940,-1
TEST_0941,-1
TEST_0942,-1
TEST_0943,-1
TEST_0944,-1
TEST_0945,-1
TEST_0946,-1
TEST_0947,-1
TEST_0948,-1
TEST_0949,-1
TEST_0950,-1
TEST_0951,-1
TEST_0952,-1
TEST_0953,-1
TEST_0954,-1
TEST_0955,-1
TEST_0956,-1
TEST_0957,-1
TEST_0958,-1
TEST_0959,-1
TEST_0960,-1
TEST_0961,-1
TEST_0962,-1
TEST_0963,-1
TEST_0964,-1
TEST_0965,-1
TEST_0966,-1
TEST_0967,-1
TEST_0968,-1
TEST_0969,-1
TEST_0970,-1
TEST_0971,-1
TEST_0972,-1
TEST_0973,-1
TEST_0974,-1
TEST_0975,-1
TEST_0976,-1
TEST_0977,-1
TEST_0978,-1
TEST_0979,-1
TEST_0980,-1
TEST_0981,-1
TEST_0982,-1
TEST_0983,-1
TEST_0984,-1
TEST_0985,-1
TEST_0986,-1
TEST_0987,-1
TEST_0988,-1
TEST_0989,-1
TEST_0990,-1
TEST_0991,-1
TEST_0992,-1
TEST_0993,-1
TEST_0994,-1
TEST_0995,-1
TEST_0996,-1
TEST_0997,-1
TEST_0998,-1
TEST_0999,-1
TEST_1000,-1
TEST_1001,-1
TEST_1002,-1
TEST_1003,-1
TEST_1004,-1
TEST_1005,-1
TEST_1006,-1
TEST_1007,-1
TEST_1008,-1
TEST_1009,-1
TEST_1010,-1
TEST_1011,-1
TEST_1012,-1
TEST_1013,-1
TEST_1014,-1
TEST_1015,-1
TEST_1016,-1
TEST_1017,-1
TEST_1018,-1
TEST_1019,-1
TEST_1020,-1
TEST_1021,-1
TEST_1022,-1
TEST_1023,-1
TEST_1024,-1
TEST_1025,-1
TEST_1026,-1
TEST_1027,-1
TEST_1028,-1
TEST_1029,-1
TEST_1030,-1
TEST_1031,-1
TEST_1032,-1
TEST_1033,-1
TEST_1034,-1
TEST_1035,-1
TEST_1036,-1
TEST_1037,-1
TEST_1038,-1
TEST_1039,-1
TEST_1040,-1
TEST_1041,-1
TEST_1042,-1
TEST_1043,-1
TEST_1044,-1
TEST_1045,-1
TEST_1046,-1
TEST_1047,-1
TEST_1048,-1
TEST_1049,-1
TEST_1050,-1
TEST_1051,-1
TEST_1052,-1
TEST_1053,-1
TEST_1054,-1
TEST_1055,-1
TEST_1056,-1
TEST_1057,-1
TEST_1058,-1
TEST_1059,-1
TEST_1060,-1
TEST_1061,-1
TEST_1062,-1
TEST_1063,-1
TEST_1064,-1
TEST_1065,-1
TEST_1066,-1
TEST_1067,-1
TEST_1068,-1
TEST_1069,-1
TEST_1070,-1
TEST_1071,-1
TEST_1072,-1
TEST_1073,-1
TEST_1074,-1
TEST_1075,-1
TEST_1076,-1
TEST_1077,-1
TEST_1078,-1
TEST_1079,-1
TEST_1080,-1
TEST_1081,-1
TEST_1082,-1
TEST_1083,-1
TEST_1084,-1
TEST_1085,-1
TEST_1086,-1
TEST_1087,-1
TEST_1088,-1
TEST_1089,-1
TEST_1090,-1
TEST_1091,-1
TEST_1092,-1
TEST_1093,-1
TEST_1094,-1
TEST_1095,-1
TEST_1096,-1
TEST_1097,-1
TEST_1098,-1
TEST_1099,-1
TEST_1100,-1
TEST_1101,-1
TEST_1102,-1
TEST_1103,-1
TEST_1104,-1
TEST_1105,-1
TEST_1106,-1
TEST_1107,-1
TEST_1108,-1
TEST_1109,-1
TEST_1110,-1
TEST_1111,-1
TEST_1112,-1
TEST_1113,-1
TEST_1114,-1
TEST_1115,-1
TEST_1116,-1
TEST_1117,-1
TEST_1118,-1
TEST_1119,-1
TEST_1120,-1
TEST_1121,-1
TEST_1122,-1
TEST_1123,-1
TEST_1124,-1
TEST_1125,-1
TEST_1126,-1
TEST_1127,-1
TEST_1128,-1
TEST_1129,-1
TEST_1130,-1
TEST_1131,-1
TEST_1132,-1
TEST_1133,-1
TEST_1134,-1
TEST_1135,-1
TEST_1136,-1
TEST_1137,-1
TEST_1138,-1
TEST_1139,-1
TEST_1140,-1
TEST_1141,-1
TEST_1142,-1
TEST_1143,-1
TEST_1144,-1
TEST_1145,-1
TEST_1146,-1
TEST_1147,-1
TEST_1148,-1
TEST_1149,-1
TEST_1150,-1
TEST_1151,-1
TEST_1152,-1
TEST_1153,-1
TEST_1154,-1
TEST_1155,-1
TEST_1156,-1
TEST_1157,-1
TEST_1158,-1
TEST_1159,-1
TEST_1160,-1
TEST_1161,-1
TEST_1162,-1
TEST_1163,-1
TEST_1164,-1
TEST_1165,-1
TEST_1166,-1
TEST_1167,-1
TEST_1168,-1
TEST_1169,-1
TEST_1170,-1
TEST_1171,-1
TEST_1172,-1
TEST_1173,-1
TEST_1174,-1
TEST_1175,-1
TEST_1176,-1
TEST_1177,-1
TEST_1178,-1
TEST_1179,-1
TEST_1180,-1
TEST_1181,-1
TEST_1182,-1
TEST_1183,-1
TEST_1184,-1
TEST_1185,-1
TEST_1186,-1
TEST_1187,-1
TEST_1188,-1
TEST_1189,-1
TEST_1190,-1
TEST_1191,-1
TEST_1192,-1
TEST_1193,-1
TEST_1194,-1
TEST_1195,-1
TEST_1196,-1
TEST_1197,-1
TEST_1198,-1
TEST_1199,-1
TEST_1200,-1
TEST_1201,-1
TEST_1202,-1
TEST_1203,-1
TEST_1204,-1
TEST_1205,-1
TEST_1206,-1
TEST_1207,-1
TEST_1208,-1
TEST_1209,-1
TEST_1210,-1
TEST_1211,-1
TEST_1212,-1
TEST_1213,-1
TEST_1214,-1
TEST_1215,-1
TEST_1216,-1
TEST_1217,-1
TEST_1218,-1
TEST_1219,-1
TEST_1220,-1
TEST_1221,-1
TEST_1222,-1
TEST_1223,-1
TEST_1224,-1
TEST_1225,-1
TEST_1226,-1
TEST_1227,-1
TEST_1228,-1
TEST_1229,-1
TEST_1230,-1
TEST_1231,-1
TEST_1232,-1
TEST_1233,-1
TEST_1234,-1
TEST_1235,-1
TEST_1236,-1
TEST_1237,-1
TEST_1238,-1
TEST_1239,-1
TEST_1240,-1
TEST_1241,-1
TEST_1242,-1
TEST_1243,-1
TEST_1244,-1
TEST_1245,-1
TEST_1246,-1
TEST_1247,-1
TEST_1248,-1
TEST_1249,-1
TEST_1250,-1
TEST_1251,-1
TEST_1252,-1
TEST_1253,-1
TEST_1254,-1
TEST_1255,-1
TEST_1256,-1
TEST_1257,-1
TEST_1258,-1
TEST_1259,-1
TEST_1260,-1
TEST_1261,-1
TEST_1262,-1
TEST_1263,-1
TEST_1264,-1
TEST_1265,-1
TEST_1266,-1
TEST_1267,-1
TEST_1268,-1
TEST_1269,-1
TEST_1270,-1
TEST_1271,-1
TEST_1272,-1
TEST_1273,-1
TEST_1274,-1
TEST_1275,-1
TEST_1276,-1
TEST_1277,-1
TEST_1278,-1
TEST_1279,-1
TEST_1280,-1
TEST_1281,-1
TEST_1282,-1
TEST_1283,-1
TEST_1284,-1
TEST_1285,-1
TEST_1286,-1
TEST_1287,-1
TEST_1288,-1
TEST_1289,-1
TEST_1290,-1
TEST_1291,-1
TEST_1292,-1
TEST_1293,-1
TEST_1294,-1
TEST_1295,-1
TEST_1296,-1
TEST_1297,-1
TEST_1298,-1
TEST_1299,-1
TEST_1300,-1
TEST_1301,-1
TEST_1302,-1
TEST_1303,-1
TEST_1304,-1
TEST_1305,-1
TEST_1306,-1
TEST_1307,-1
TEST_1308,-1
TEST_1309,-1
TEST_1310,-1
TEST_1311,-1
TEST_1312,-1
TEST_1313,-1
TEST_1314,-1
TEST_1315,-1
TEST_1316,-1
TEST_1317,-1
TEST_1318,-1
TEST_1319,-1
TEST_1320,-1
TEST_1321,-1
TEST_1322,-1
TEST_1323,-1
TEST_1324,-1
TEST_1325,-1
TEST_1326,-1
TEST_1327,-1
TEST_1328,-1
TEST_1329,-1
TEST_1330,-1
TEST_1331,-1
TEST_1332,-1
TEST_1333,-1
TEST_1334,-1
TEST_1335,-1
TEST_1336,-1
TEST_1337,-1
TEST_1338,-1
TEST_1339,-1
TEST_1340,-1
TEST_1341,-1
TEST_1342,-1
TEST_1343,-1
TEST_1344,-1
TEST_1345,-1
TEST_1346,-1
TEST_1347,-1
TEST_1348,-1
TEST_1349,-1
TEST_1350,-1
TEST_1351,-1
TEST_1352,-1
TEST_1353,-1
TEST_1354,-1
TEST_1355,-1
TEST_1356,-1
TEST_1357,-1
TEST_1358,-1
TEST_1359,-1
TEST_1360,-1
TEST_1361,-1
TEST_1362,-1
TEST_1363,-1
TEST_1364,-1
TEST_1365,-1
TEST_1366,-1
TEST_1367,-1
TEST_1368,-1
TEST_1369,-1
TEST_1370,-1
TEST_1371,-1
TEST_1372,-1
TEST_1373,-1
TEST_1374,-1
TEST_1375,-1
TEST_1376,-1
TEST_1377,-1
TEST_1378,-1
TEST_1379,-1
TEST_1380,-1
TEST_1381,-1
TEST_1382,-1
TEST_1383,-1
TEST_1384,-1
TEST_1385,-1
TEST_1386,-1
TEST_1387,-1
TEST_1388,-1
TEST_1389,-1
TEST_1390,-1
TEST_1391,-1
TEST_1392,-1
TEST_1393,-1
TEST_1394,-1
TEST_1395,-1
TEST_1396,-1
TEST_1397,-1
TEST_1398,-1
TEST_1399,-1
TEST_1400,-1
TEST_1401,-1
TEST_1402,-1
TEST_1403,-1
TEST_1404,-1
TEST_1405,-1
TEST_1406,-1
TEST_1407,-1
TEST_1408,-1
TEST_1409,-1
TEST_1410,-1
TEST_1411,-1
TEST_1412,-1
TEST_1413,-1
TEST_1414,-1
TEST_1415,-1
TEST_1416,-1
TEST_1417,-1
TEST_1418,-1
TEST_1419,-1
TEST_1420,-1
TEST_1421,-1
TEST_1422,-1
TEST_1423,-1
TEST_1424,-1
TEST_1425,-1
TEST_1426,-1
TEST_1427,-1
TEST_1428,-1
TEST_1429,-1
TEST_1430,-1
TEST_1431,-1
TEST_1432,-1
TEST_1433,-1
TEST_1434,-1
TEST_1435,-1
TEST_1436,-1
TEST_1437,-1
TEST_1438,-1
TEST_1439,-1
TEST_1440,-1
TEST_1441,-1
TEST_1442,-1
TEST_1443,-1
TEST_1444,-1
TEST_1445,-1
TEST_1446,-1
TEST_1447,-1
TEST_1448,-1
TEST_1449,-1
TEST_1450,-1
TEST_1451,-1
TEST_1452,-1
TEST_1453,-1
TEST_1454,-1
TEST_1455,-1
TEST_1456,-1
TEST_1457,-1
TEST_1458,-1
TEST_1459,-1
TEST_1460,-1
TEST_1461,-1
TEST_1462,-1
TEST_1463,-1
TEST_1464,-1
TEST_1465,-1
TEST_1466,-1
TEST_1467,-1
TEST_1468,-1
TEST_1469,-1
TEST_1470,-1
TEST_1471,-1
TEST_1472,-1
TEST_1473,-1
TEST_1474,-1
TEST_1475,-1
TEST_1476,-1
TEST_1477,-1
TEST_1478,-1
TEST_1479,-1
TEST_1480,-1
TEST_1481,-1
TEST_1482,-1
TEST_1483,-1
TEST_1484,-1
TEST_1485,-1
TEST_1486,-1
TEST_1487,-1
TEST_1488,-1
TEST_1489,-1
TEST_1490,-1
TEST_1491,-1
TEST_1492,-1
TEST_1493,-1
TEST_1494,-1
TEST_1495,-1
TEST_1496,-1
TEST_1497,-1
TEST_1498,-1
TEST_1499,-1
TEST_1500,-1
TEST_1501,-1
TEST_1502,-1
TEST_1503,-1
TEST_1504,-1
TEST_1505,-1
TEST_1506,-1
TEST_1507,-1
TEST_1508,-1
TEST_1509,-1
TEST_1510,-1
TEST_1511,-1
TEST_1512,-1
TEST_1513,-1
TEST_1514,-1
TEST_1515,-1
TEST_1516,-1
TEST_1517,-1
TEST_1518,-1
TEST_1519,-1
TEST_1520,-1
TEST_1521,-1
TEST_1522,-1
TEST_1523,-1
TEST_1524,-1
TEST_1525,-1
TEST_1526,-1
TEST_1527,-1
TEST_1528,-1
TEST_1529,-1
TEST_1530,-1
TEST_1531,-1
TEST_1532,-1
TEST_1533,-1
TEST_1534,-1
TEST_1535,-1
TEST_1536,-1
TEST_1537,-1
TEST_1538,-1
TEST_1539,-1
TEST_1540,-1
TEST_1541,-1
TEST_1542,-1
TEST_1543,-1
TEST_1544,-1
TEST_1545,-1
TEST_1546,-1
TEST_1547,-1
TEST_1548,-1
TEST_1549,-1
TEST_1550,-1
TEST_1551,-1
TEST_1552,-1
TEST_1553,-1
TEST_1554,-1
TEST_1555,-1
TEST_1556,-1
TEST_1557,-1
TEST_1558,-1
TEST_1559,-1
TEST_1560,-1
TEST_1561,-1
TEST_1562,-1
TEST_1563,-1
TEST_1564,-1
TEST_1565,-1
TEST_1566,-1
TEST_1567,-1
TEST_1568,-1
TEST_1569,-1
TEST_1570,-1
TEST_1571,-1
TEST_1572,-1
TEST_1573,-1
TEST_1574,-1
TEST_1575,-1
TEST_1576,-1
TEST_1577,-1
TEST_1578,-1
TEST_1579,-1
TEST_1580,-1
TEST_1581,-1
TEST_1582,-1
TEST_1583,-1
TEST_1584,-1
TEST_1585,-1
TEST_1586,-1
TEST_1587,-1
TEST_1588,-1
TEST_1589,-1
TEST_1590,-1
TEST_1591,-1
TEST_1592,-1
TEST_1593,-1
TEST_1594,-1
TEST_1595,-1
TEST_1596,-1
TEST_1597,-1
TEST_1598,-1
TEST_1599,-1
TEST_1600,-1
TEST_1601,-1
TEST_1602,-1
TEST_1603,-1
TEST_1604,-1
TEST_1605,-1
TEST_1606,-1
TEST_1607,-1
TEST_1608,-1
TEST_1609,-1
TEST_1610,-1
TEST_1611,-1
TEST_1612,-1
TEST_1613,-1
TEST_1614,-1
TEST_1615,-1
TEST_1616,-1
TEST_1617,-1
TEST_1618,-1
TEST_1619,-1
TEST_1620,-1
TEST_1621,-1
TEST_1622,-1
TEST_1623,-1
TEST_1624,-1
TEST_1625,-1
TEST_1626,-1
TEST_1627,-1
TEST_1628,-1
TEST_1629,-1
TEST_1630,-1
TEST_1631,-1
TEST_1632,-1
TEST_1633,-1
TEST_1634,-1
TEST_1635,-1
TEST_1636,-1
TEST_1637,-1
TEST_1638,-1
TEST_1639,-1
TEST_1640,-1
TEST_1641,-1
TEST_1642,-1
TEST_1643,-1
TEST_1644,-1
TEST_1645,-1
TEST_1646,-1
TEST_1647,-1
TEST_1648,-1
TEST_1649,-1
TEST_1650,-1
TEST_1651,-1
TEST_1652,-1
TEST_1653,-1
TEST_1654,-1
TEST_1655,-1
TEST_1656,-1
TEST_1657,-1
TEST_1658,-1
TEST_1659,-1
TEST_1660,-1
TEST_1661,-1
TEST_1662,-1
TEST_1663,-1
TEST_1664,-1
TEST_1665,-1
TEST_1666,-1
TEST_1667,-1
TEST_1668,-1
TEST_1669,-1
TEST_1670,-1
TEST_1671,-1
TEST_1672,-1
TEST_1673,-1
TEST_1674,-1
TEST_1675,-1
TEST_1676,-1
TEST_1677,-1
TEST_1678,-1
TEST_1679,-1
TEST_1680,-1
TEST_1681,-1
TEST_1682,-1
TEST_1683,-1
TEST_1684,-1
TEST_1685,-1
TEST_1686,-1
TEST_1687,-1
TEST_1688,-1
TEST_1689,-1
TEST_1690,-1
TEST_1691,-1
TEST_1692,-1
TEST_1693,-1
TEST_1694,-1
TEST_1695,-1
TEST_1696,-1
TEST_1697,-1
TEST_1698,-1
TEST_1699,-1
TEST_1700,-1
TEST_1701,-1
TEST_1702,-1
TEST_1703,-1
TEST_1704,-1
TEST_1705,-1
TEST_1706,-1
TEST_1707,-1
TEST_1708,-1
TEST_1709,-1
TEST_1710,-1
TEST_1711,-1
TEST_1712,-1
TEST_1713,-1
TEST_1714,-1
TEST_1715,-1
TEST_1716,-1
TEST_1717,-1
TEST_1718,-1
TEST_1719,-1
TEST_1720,-1
TEST_1721,-1
TEST_1722,-1
TEST_1723,-1
TEST_1724,-1
TEST_1725,-1
TEST_1726,-1
TEST_1727,-1
TEST_1728,-1
TEST_1729,-1
TEST_1730,-1
TEST_1731,-1
TEST_1732,-1
TEST_1733,-1
TEST_1734,-1
TEST_1735,-1
TEST_1736,-1
TEST_1737,-1
TEST_1738,-1
TEST_1739,-1
TEST_1740,-1
TEST_1741,-1
TEST_1742,-1
TEST_1743,-1
TEST_1744,-1
TEST_1745,-1
TEST_1746,-1
TEST_1747,-1
TEST_1748,-1
TEST_1749,-1
TEST_1750,-1
TEST_1751,-1
TEST_1752,-1
TEST_1753,-1
TEST_1754,-1
TEST_1755,-1
TEST_1756,-1
TEST_1757,-1
TEST_1758,-1
TEST_1759,-1
TEST_1760,-1
TEST_1761,-1
TEST_1762,-1
TEST_1763,-1
TEST_1764,-1
TEST_1765,-1
TEST_1766,-1
TEST_1767,-1
TEST_1768,-1
TEST_1769,-1
TEST_1770,-1
TEST_1771,-1
TEST_1772,-1
TEST_1773,-1
TEST_1774,-1
TEST_1775,-1
TEST_1776,-1
TEST_1777,-1
TEST_1778,-1
TEST_1779,-1
TEST_1780,-1
TEST_1781,-1
TEST_1782,-1
TEST_1783,-1
TEST_1784,-1
TEST_1785,-1
TEST_1786,-1
TEST_1787,-1
TEST_1788,-1
TEST_1789,-1
TEST_1790,-1
TEST_1791,-1
TEST_1792,-1
TEST_1793,-1
TEST_1794,-1
TEST_1795,-1
TEST_1796,-1
TEST_1797,-1
TEST_1798,-1
TEST_1799,-1
TEST_1800,-1
TEST_1801,-1
TEST_1802,-1
TEST_1803,-1
TEST_1804,-1
TEST_1805,-1
TEST_1806,-1
TEST_1807,-1
TEST_1808,-1
TEST_1809,-1
TEST_1810,-1
TEST_1811,-1
TEST_1812,-1
TEST_1813,-1
TEST_1814,-1
TEST_1815,-1
TEST_1816,-1
TEST_1817,-1
TEST_1818,-1
TEST_1819,-1
TEST_1820,-1
TEST_1821,-1
TEST_1822,-1
TEST_1823,-1
TEST_1824,-1
TEST_1825,-1
TEST_1826,-1
TEST_1827,-1
TEST_1828,-1
TEST_1829,-1
TEST_1830,-1
TEST_1831,-1
TEST_1832,-1
TEST_1833,-1
TEST_1834,-1
TEST_1835,-1
TEST_1836,-1
TEST_1837,-1
TEST_1838,-1
TEST_1839,-1
TEST_1840,-1
TEST_1841,-1
TEST_1842,-1
TEST_1843,-1
TEST_1844,-1
TEST_1845,-1
TEST_1846,-1
TEST_1847,-1
TEST_1848,-1
TEST_1849,-1
TEST_1850,-1
TEST_1851,-1
TEST_1852,-1
TEST_1853,-1
TEST_1854,-1
TEST_1855,-1
TEST_1856,-1
TEST_1857,-1
TEST_1858,-1
TEST_1859,-1
TEST_1860,-1
TEST_1861,-1
TEST_1862,-1
TEST_1863,-1
TEST_1864,-1
TEST_1865,-1
TEST_1866,-1
TEST_1867,-1
TEST_1868,-1
TEST_1869,-1
TEST_1870,-1
TEST_1871,-1
TEST_1872,-1
TEST_1873,-1
TEST_1874,-1
TEST_1875,-1
TEST_1876,-1
TEST_1877,-1
TEST_1878,-1
TEST_1879,-1
TEST_1880,-1
TEST_1881,-1
TEST_1882,-1
TEST_1883,-1
TEST_1884,-1
TEST_1885,-1
TEST_1886,-1
TEST_1887,-1
TEST_1888,-1
TEST_1889,-1
TEST_1890,-1
TEST_1891,-1
TEST_1892,-1
TEST_1893,-1
TEST_1894,-1
TEST_1895,-1
TEST_1896,-1
TEST_1897,-1
TEST_1898,-1
TEST_1899,-1
TEST_1900,-1
TEST_1901,-1
TEST_1902,-1
TEST_1903,-1
TEST_1904,-1
TEST_1905,-1
TEST_1906,-1
TEST_1907,-1
TEST_1908,-1
TEST_1909,-1
TEST_1910,-1
TEST_1911,-1
TEST_1912,-1
TEST_1913,-1
TEST_1914,-1
TEST_1915,-1
TEST_1916,-1
TEST_1917,-1
TEST_1918,-1
TEST_1919,-1
TEST_1920,-1
TEST_1921,-1
TEST_1922,-1
TEST_1923,-1
TEST_1924,-1
TEST_1925,-1
TEST_1926,-1
TEST_1927,-1
TEST_1928,-1
TEST_1929,-1
TEST_1930,-1
TEST_1931,-1
TEST_1932,-1
TEST_1933,-1
TEST_1934,-1
TEST_1935,-1
TEST_1936,-1
TEST_1937,-1
TEST_1938,-1
TEST_1939,-1
TEST_1940,-1
TEST_1941,-1
TEST_1942,-1
TEST_1943,-1
TEST_1944,-1
TEST_1945,-1
TEST_1946,-1
TEST_1947,-1
TEST_1948,-1
TEST_1949,-1
TEST_1950,-1
TEST_1951,-1
TEST_1952,-1
TEST_1953,-1
TEST_1954,-1
TEST_1955,-1
TEST_1956,-1
TEST_1957,-1
TEST_1958,-1
TEST_1959,-1
TEST_1960,-1
TEST_1961,-1
TEST_1962,-1
TEST_1963,-1
TEST_1964,-1
TEST_1965,-1
TEST_1966,-1
TEST_1967,-1
TEST_1968,-1
TEST_1969,-1
TEST_1970,-1
TEST_1971,-1
TEST_1972,-1
TEST_1973,-1
TEST_1974,-1
TEST_1975,-1
TEST_1976,-1
TEST_1977,-1
TEST_1978,-1
TEST_1979,-1
TEST_1980,-1
TEST_1981,-1
TEST_1982,-1
TEST_1983,-1
TEST_1984,-1
TEST_1985,-1
TEST_1986,-1
TEST_1987,-1
TEST_1988,-1
TEST_1989,-1
TEST_1990,-1
TEST_1991,-1
TEST_1992,-1
TEST_1993,-1
TEST_1994,-1
TEST_1995,-1
TEST_1996,-1
TEST_1997,-1
TEST_1998,-1
TEST_1999,-1
TEST_2000,-1
TEST_2001,-1
TEST_2002,-1
TEST_2003,-1
TEST_2004,-1
TEST_2005,-1
TEST_2006,-1
TEST_2007,-1
TEST_2008,-1
TEST_2009,-1
TEST_2010,-1
TEST_2011,-1
TEST_2012,-1
TEST_2013,-1
TEST_2014,-1
TEST_2015,-1
TEST_2016,-1
TEST_2017,-1
TEST_2018,-1
TEST_2019,-1
TEST_2020,-1
TEST_2021,-1
TEST_2022,-1
TEST_2023,-1
TEST_2024,-1
TEST_2025,-1
TEST_2026,-1
TEST_2027,-1
TEST_2028,-1
TEST_2029,-1
TEST_2030,-1
TEST_2031,-1
TEST_2032,-1
TEST_2033,-1
TEST_2034,-1
TEST_2035,-1
TEST_2036,-1
TEST_2037,-1
TEST_2038,-1
TEST_2039,-1
TEST_2040,-1
TEST_2041,-1
TEST_2042,-1
TEST_2043,-1
TEST_2044,-1
TEST_2045,-1
TEST_2046,-1
TEST_2047,-1
TEST_2048,-1
TEST_2049,-1
TEST_2050,-1
TEST_2051,-1
TEST_2052,-1
TEST_2053,-1
TEST_2054,-1
TEST_2055,-1
TEST_2056,-1
TEST_2057,-1
TEST_2058,-1
TEST_2059,-1
TEST_2060,-1
TEST_2061,-1
TEST_2062,-1
TEST_2063,-1
TEST_2064,-1
TEST_2065,-1
TEST_2066,-1
TEST_2067,-1
TEST_2068,-1
TEST_2069,-1
TEST_2070,-1
TEST_2071,-1
TEST_2072,-1
TEST_2073,-1
TEST_2074,-1
TEST_2075,-1
TEST_2076,-1
TEST_2077,-1
TEST_2078,-1
TEST_2079,-1
TEST_2080,-1
TEST_2081,-1
TEST_2082,-1
TEST_2083,-1
TEST_2084,-1
TEST_2085,-1
TEST_2086,-1
TEST_2087,-1
TEST_2088,-1
TEST_2089,-1
TEST_2090,-1
TEST_2091,-1
TEST_2092,-1
TEST_2093,-1
TEST_2094,-1
TEST_2095,-1
TEST_2096,-1
TEST_2097,-1
TEST_2098,-1
TEST_2099,-1
TEST_2100,-1
TEST_2101,-1
TEST_2102,-1
TEST_2103,-1
TEST_2104,-1
TEST_2105,-1
TEST_2106,-1
TEST_2107,-1
TEST_2108,-1
TEST_2109,-1
TEST_2110,-1
TEST_2111,-1
TEST_2112,-1
TEST_2113,-1
TEST_2114,-1
TEST_2115,-1
TEST_2116,-1
TEST_2117,-1
TEST_2118,-1
TEST_2119,-1
TEST_2120,-1
TEST_2121,-1
TEST_2122,-1
TEST_2123,-1
TEST_2124,-1
TEST_2125,-1
TEST_2126,-1
TEST_2127,-1
TEST_2128,-1
TEST_2129,-1
TEST_2130,-1
TEST_2131,-1
TEST_2132,-1
TEST_2133,-1
TEST_2134,-1
TEST_2135,-1
TEST_2136,-1
TEST_2137,-1
TEST_2138,-1
TEST_2139,-1
TEST_2140,-1
TEST_2141,-1
TEST_2142,-1
TEST_2143,-1
TEST_2144,-1
TEST_2145,-1
TEST_2146,-1
TEST_2147,-1
TEST_2148,-1
TEST_2149,-1
TEST_2150,-1
TEST_2151,-1
TEST_2152,-1
TEST_2153,-1
TEST_2154,-1
TEST_2155,-1
TEST_2156,-1
TEST_2157,-1
TEST_2158,-1
TEST_2159,-1
TEST_2160,-1
TEST_2161,-1
TEST_2162,-1
TEST_2163,-1
TEST_2164,-1
TEST_2165,-1
TEST_2166,-1
TEST_2167,-1
TEST_2168,-1
TEST_2169,-1
TEST_2170,-1
TEST_2171,-1
TEST_2172,-1
TEST_2173,-1
TEST_2174,-1
TEST_2175,-1
TEST_2176,-1
TEST_2177,-1
TEST_2178,-1
TEST_2179,-1
TEST_2180,-1
TEST_2181,-1
TEST_2182,-1
TEST_2183,-1
TEST_2184,-1
TEST_2185,-1
TEST_2186,-1
TEST_2187,-1
TEST_2188,-1
TEST_2189,-1
TEST_2190,-1
TEST_2191,-1
TEST_2192,-1
TEST_2193,-1
TEST_2194,-1
TEST_2195,-1
TEST_2196,-1
TEST_2197,-1
TEST_2198,-1
TEST_2199,-1
TEST_2200,-1
TEST_2201,-1
TEST_2202,-1
TEST_2203,-1
TEST_2204,-1
TEST_2205,-1
TEST_2206,-1
TEST_2207,-1
TEST_2208,-1
TEST_2209,-1
TEST_2210,-1
TEST_2211,-1
TEST_2212,-1
TEST_2213,-1
TEST_2214,-1
TEST_2215,-1
TEST_2216,-1
TEST_2217,-1
TEST_2218,-1
TEST_2219,-1
TEST_2220,-1
TEST_2221,-1
TEST_2222,-1
TEST_2223,-1
TEST_2224,-1
TEST_2225,-1
TEST_2226,-1
TEST_2227,-1
TEST_2228,-1
TEST_2229,-1
TEST_2230,-1
TEST_2231,-1
TEST_2232,-1
TEST_2233,-1
TEST_2234,-1
TEST_2235,-1
TEST_2236,-1
TEST_2237,-1
TEST_2238,-1
TEST_2239,-1
TEST_2240,-1
TEST_2241,-1
TEST_2242,-1
TEST_2243,-1
TEST_2244,-1
TEST_2245,-1
TEST_2246,-1
TEST_2247,-1
TEST_2248,-1
TEST_2249,-1
TEST_2250,-1
TEST_2251,-1
TEST_2252,-1
TEST_2253,-1
TEST_2254,-1
TEST_2255,-1
TEST_2256,-1
TEST_2257,-1
TEST_2258,-1
TEST_2259,-1
TEST_2260,-1
TEST_2261,-1
TEST_2262,-1
TEST_2263,-1
TEST_2264,-1
TEST_2265,-1
TEST_2266,-1
TEST_2267,-1
TEST_2268,-1
TEST_2269,-1
TEST_2270,-1
TEST_2271,-1
TEST_2272,-1
TEST_2273,-1
TEST_2274,-1
TEST_2275,-1
TEST_2276,-1
TEST_2277,-1
TEST_2278,-1
TEST_2279,-1
TEST_2280,-1
TEST_2281,-1
TEST_2282,-1
TEST_2283,-1
TEST_2284,-1
TEST_2285,-1
TEST_2286,-1
TEST_2287,-1
TEST_2288,-1
TEST_2289,-1
TEST_2290,-1
TEST_2291,-1
TEST_2292,-1
TEST_2293,-1
TEST_2294,-1
TEST_2295,-1
TEST_2296,-1
TEST_2297,-1
TEST_2298,-1
TEST_2299,-1
TEST_2300,-1
TEST_2301,-1
TEST_2302,-1
TEST_2303,-1
TEST_2304,-1
TEST_2305,-1
TEST_2306,-1
TEST_2307,-1
TEST_2308,-1
TEST_2309,-1
TEST_2310,-1
TEST_2311,-1
TEST_2312,-1
TEST_2313,-1
TEST_2314,-1
TEST_2315,-1
TEST_2316,-1
TEST_2317,-1
TEST_2318,-1
TEST_2319,-1
TEST_2320,-1
TEST_2321,-1
TEST_2322,-1
TEST_2323,-1
TEST_2324,-1
TEST_2325,-1
TEST_2326,-1
TEST_2327,-1
TEST_2328,-1
TEST_2329,-1
TEST_2330,-1
TEST_2331,-1
TEST_2332,-1
TEST_2333,-1
TEST_2334,-1
TEST_2335,-1
TEST_2336,-1
TEST_2337,-1
TEST_2338,-1
TEST_2339,-1
TEST_2340,-1
TEST_2341,-1
TEST_2342,-1
TEST_2343,-1
TEST_2344,-1
TEST_2345,-1
TEST_2346,-1
TEST_2347,-1
TEST_2348,-1
TEST_2349,-1
TEST_2350,-1
TEST_2351,-1
TEST_2352,-1
TEST_2353,-1
TEST_2354,-1
TEST_2355,-1
TEST_2356,-1
TEST_2357,-1
TEST_2358,-1
TEST_2359,-1
TEST_2360,-1
TEST_2361,-1
TEST_2362,-1
TEST_2363,-1
TEST_2364,-1
TEST_2365,-1
TEST_2366,-1
TEST_2367,-1
TEST_2368,-1
TEST_2369,-1
TEST_2370,-1
TEST_2371,-1
TEST_2372,-1
TEST_2373,-1
TEST_2374,-1
TEST_2375,-1
TEST_2376,-1
TEST_2377,-1
TEST_2378,-1
TEST_2379,-1
TEST_2380,-1
TEST_2381,-1
TEST_2382,-1
TEST_2383,-1
TEST_2384,-1
TEST_2385,-1
TEST_2386,-1
TEST_2387,-1
TEST_2388,-1
TEST_2389,-1
TEST_2390,-1
TEST_2391,-1
TEST_2392,-1
TEST_2393,-1
TEST_2394,-1
TEST_2395,-1
TEST_2396,-1
TEST_2397,-1
TEST_2398,-1
TEST_2399,-1
TEST_2400,-1
TEST_2401,-1
TEST_2402,-1
TEST_2403,-1
TEST_2404,-1
TEST_2405,-1
TEST_2406,-1
TEST_2407,-1
TEST_2408,-1
TEST_2409,-1
TEST_2410,-1
TEST_2411,-1
TEST_2412,-1
TEST_2413,-1
TEST_2414,-1
TEST_2415,-1
TEST_2416,-1
TEST_2417,-1
TEST_2418,-1
TEST_2419,-1
TEST_2420,-1
TEST_2421,-1
TEST_2422,-1
TEST_2423,-1
TEST_2424,-1
TEST_2425,-1
TEST_2426,-1
TEST_2427,-1
TEST_2428,-1
TEST_2429,-1
TEST_2430,-1
TEST_2431,-1
TEST_2432,-1
TEST_2433,-1
TEST_2434,-1
TEST_2435,-1
TEST_2436,-1
TEST_2437,-1
TEST_2438,-1
TEST_2439,-1
TEST_2440,-1
TEST_2441,-1
TEST_2442,-1
TEST_2443,-1
TEST_2444,-1
TEST_2445,-1
TEST_2446,-1
TEST_2447,-1
TEST_2448,-1
TEST_2449,-1
TEST_2450,-1
TEST_2451,-1
TEST_2452,-1
TEST_2453,-1
TEST_2454,-1
TEST_2455,-1
TEST_2456,-1
TEST_2457,-1
TEST_2458,-1
TEST_2459,-1
TEST_2460,-1
TEST_2461,-1
TEST_2462,-1
TEST_2463,-1
TEST_2464,-1
TEST_2465,-1
TEST_2466,-1
TEST_2467,-1
TEST_2468,-1
TEST_2469,-1
TEST_2470,-1
TEST_2471,-1
TEST_2472,-1
TEST_2473,-1
TEST_2474,-1
TEST_2475,-1
TEST_2476,-1
TEST_2477,-1
TEST_2478,-1
TEST_2479,-1
TEST_2480,-1
TEST_2481,-1
TEST_2482,-1
TEST_2483,-1
TEST_2484,-1
TEST_2485,-1
TEST_2486,-1
TEST_2487,-1
TEST_2488,-1
TEST_2489,-1
TEST_2490,-1
TEST_2491,-1
TEST_2492,-1
TEST_2493,-1
TEST_2494,-1
TEST_2495,-1
TEST_2496,-1
TEST_2497,-1
TEST_2498,-1
TEST_2499,-1
TEST_2500,-1
TEST_2501,-1
TEST_2502,-1
TEST_2503,-1
TEST_2504,-1
TEST_2505,-1
TEST_2506,-1
TEST_2507,-1
TEST_2508,-1
TEST_2509,-1
TEST_2510,-1
TEST_2511,-1
TEST_2512,-1
TEST_2513,-1
TEST_2514,-1
TEST_2515,-1
TEST_2516,-1
TEST_2517,-1
TEST_2518,-1
TEST_2519,-1
TEST_2520,-1
TEST_2521,-1
TEST_2522,-1
TEST_2523,-1
TEST_2524,-1
TEST_2525,-1
TEST_2526,-1
TEST_2527,-1
TEST_2528,-1
TEST_2529,-1
TEST_2530,-1
TEST_2531,-1
TEST_2532,-1
TEST_2533,-1
TEST_2534,-1
TEST_2535,-1
TEST_2536,-1
TEST_2537,-1
TEST_2538,-1
TEST_2539,-1
TEST_2540,-1
TEST_2541,-1
TEST_2542,-1
TEST_2543,-1
TEST_2544,-1
TEST_2545,-1
TEST_2546,-1
TEST_2547,-1
TEST_2548,-1
TEST_2549,-1
TEST_2550,-1
TEST_2551,-1
TEST_2552,-1
TEST_2553,-1
TEST_2554,-1
TEST_2555,-1
TEST_2556,-1
TEST_2557,-1
TEST_2558,-1
TEST_2559,-1
TEST_2560,-1
TEST_2561,-1
TEST_2562,-1
TEST_2563,-1
TEST_2564,-1
TEST_2565,-1
TEST_2566,-1
TEST_2567,-1
TEST_2568,-1
TEST_2569,-1
TEST_2570,-1
TEST_2571,-1
TEST_2572,-1
TEST_2573,-1
TEST_2574,-1
TEST_2575,-1
TEST_2576,-1
TEST_2577,-1
TEST_2578,-1
TEST_2579,-1
TEST_2580,-1
TEST_2581,-1
TEST_2582,-1
TEST_2583,-1
TEST_2584,-1
TEST_2585,-1
TEST_2586,-1
TEST_2587,-1
TEST_2588,-1
TEST_2589,-1
TEST_2590,-1
TEST_2591,-1
TEST_2592,-1
TEST_2593,-1
TEST_2594,-1
TEST_2595,-1
TEST_2596,-1
TEST_2597,-1
TEST_2598,-1
TEST_2599,-1
TEST_2600,-1
TEST_2601,-1
TEST_2602,-1
TEST_2603,-1
TEST_2604,-1
TEST_2605,-1
TEST_2606,-1
TEST_2607,-1
TEST_2608,-1
TEST_2609,-1
TEST_2610,-1
TEST_2611,-1
TEST_2612,-1
TEST_2613,-1
TEST_2614,-1
TEST_2615,-1
TEST_2616,-1
TEST_2617,-1
TEST_2618,-1
TEST_2619,-1
TEST_2620,-1
TEST_2621,-1
TEST_2622,-1
TEST_2623,-1
TEST_2624,-1
TEST_2625,-1
TEST_2626,-1
TEST_2627,-1
TEST_2628,-1
TEST_2629,-1
TEST_2630,-1
TEST_2631,-1
TEST_2632,-1
TEST_2633,-1
TEST_2634,-1
TEST_2635,-1
TEST_2636,-1
TEST_2637,-1
TEST_2638,-1
TEST_2639,-1
TEST_2640,-1
TEST_2641,-1
TEST_2642,-1
TEST_2643,-1
TEST_2644,-1
TEST_2645,-1
TEST_2646,-1
TEST_2647,-1
TEST_2648,-1
TEST_2649,-1
TEST_2650,-1
TEST_2651,-1
TEST_2652,-1
TEST_2653,-1
TEST_2654,-1
TEST_2655,-1
TEST_2656,-1
TEST_2657,-1
TEST_2658,-1
TEST_2659,-1
TEST_2660,-1
TEST_2661,-1
TEST_2662,-1
TEST_2663,-1
TEST_2664,-1
TEST_2665,-1
TEST_2666,-1
TEST_2667,-1
TEST_2668,-1
TEST_2669,-1
TEST_2670,-1
TEST_2671,-1
TEST_2672,-1
TEST_2673,-1
TEST_2674,-1
TEST_2675,-1
TEST_2676,-1
TEST_2677,-1
TEST_2678,-1
TEST_2679,-1
TEST_2680,-1
TEST_2681,-1
TEST_2682,-1
TEST_2683,-1
TEST_2684,-1
TEST_2685,-1
TEST_2686,-1
TEST_2687,-1
TEST_2688,-1
TEST_2689,-1
TEST_2690,-1
TEST_2691,-1
TEST_2692,-1
TEST_2693,-1
TEST_2694,-1
TEST_2695,-1
TEST_2696,-1
TEST_2697,-1
TEST_2698,-1
TEST_2699,-1
TEST_2700,-1
TEST_2701,-1
TEST_2702,-1
TEST_2703,-1
TEST_2704,-1
TEST_2705,-1
TEST_2706,-1
TEST_2707,-1
TEST_2708,-1
TEST_2709,-1
TEST_2710,-1
TEST_2711,-1
TEST_2712,-1
TEST_2713,-1
TEST_2714,-1
TEST_2715,-1
TEST_2716,-1
TEST_2717,-1
TEST_2718,-1
TEST_2719,-1
TEST_2720,-1
TEST_2721,-1
TEST_2722,-1
TEST_2723,-1
TEST_2724,-1
TEST_2725,-1
TEST_2726,-1
TEST_2727,-1
TEST_2728,-1
TEST_2729,-1
TEST_2730,-1
TEST_2731,-1
TEST_2732,-1
TEST_2733,-1
TEST_2734,-1
TEST_2735,-1
TEST_2736,-1
TEST_2737,-1
TEST_2738,-1
TEST_2739,-1
TEST_2740,-1
TEST_2741,-1
TEST_2742,-1
TEST_2743,-1
TEST_2744,-1
TEST_2745,-1
TEST_2746,-1
TEST_2747,-1
TEST_2748,-1
TEST_2749,-1
TEST_2750,-1
TEST_2751,-1
TEST_2752,-1
TEST_2753,-1
TEST_2754,-1
TEST_2755,-1
TEST_2756,-1
TEST_2757,-1
TEST_2758,-1
TEST_2759,-1
TEST_2760,-1
TEST_2761,-1
TEST_2762,-1
TEST_2763,-1
TEST_2764,-1
TEST_2765,-1
TEST_2766,-1
TEST_2767,-1
TEST_2768,-1
TEST_2769,-1
TEST_2770,-1
TEST_2771,-1
TEST_2772,-1
TEST_2773,-1
TEST_2774,-1
TEST_2775,-1
TEST_2776,-1
TEST_2777,-1
TEST_2778,-1
TEST_2779,-1
TEST_2780,-1
TEST_2781,-1
TEST_2782,-1
TEST_2783,-1
TEST_2784,-1
TEST_2785,-1
TEST_2786,-1
TEST_2787,-1
TEST_2788,-1
TEST_2789,-1
TEST_2790,-1
TEST_2791,-1
TEST_2792,-1
TEST_2793,-1
TEST_2794,-1
TEST_2795,-1
TEST_2796,-1
TEST_2797,-1
TEST_2798,-1
TEST_2799,-1
TEST_2800,-1
TEST_2801,-1
TEST_2802,-1
TEST_2803,-1
TEST_2804,-1
TEST_2805,-1
TEST_2806,-1
TEST_2807,-1
TEST_2808,-1
TEST_2809,-1
TEST_2810,-1
TEST_2811,-1
TEST_2812,-1
TEST_2813,-1
TEST_2814,-1
TEST_2815,-1
TEST_2816,-1
TEST_2817,-1
TEST_2818,-1
TEST_2819,-1
TEST_2820,-1
TEST_2821,-1
TEST_2822,-1
TEST_2823,-1
TEST_2824,-1
TEST_2825,-1
TEST_2826,-1
TEST_2827,-1
TEST_2828,-1
TEST_2829,-1
TEST_2830,-1
TEST_2831,-1
TEST_2832,-1
TEST_2833,-1
TEST_2834,-1
TEST_2835,-1
TEST_2836,-1
TEST_2837,-1
TEST_2838,-1
TEST_2839,-1
TEST_2840,-1
TEST_2841,-1
TEST_2842,-1
TEST_2843,-1
TEST_2844,-1
TEST_2845,-1
TEST_2846,-1
TEST_2847,-1
TEST_2848,-1
TEST_2849,-1
TEST_2850,-1
TEST_2851,-1
TEST_2852,-1
TEST_2853,-1
TEST_2854,-1
TEST_2855,-1
TEST_2856,-1
TEST_2857,-1
TEST_2858,-1
TEST_2859,-1
TEST_2860,-1
TEST_2861,-1
TEST_2862,-1
TEST_2863,-1
TEST_2864,-1
TEST_2865,-1
TEST_2866,-1
TEST_2867,-1
TEST_2868,-1
TEST_2869,-1
TEST_2870,-1
TEST_2871,-1
TEST_2872,-1
TEST_2873,-1
TEST_2874,-1
TEST_2875,-1
TEST_2876,-1
TEST_2877,-1
TEST_2878,-1
TEST_2879,-1
TEST_2880,-1
TEST_2881,-1
TEST_2882,-1
TEST_2883,-1
TEST_2884,-1
TEST_2885,-1
TEST_2886,-1
TEST_2887,-1
TEST_2888,-1
TEST_2889,-1
TEST_2890,-1
TEST_2891,-1
TEST_2892,-1
TEST_2893,-1
TEST_2894,-1
TEST_2895,-1
TEST_2896,-1
TEST_2897,-1
TEST_2898,-1
TEST_2899,-1
TEST_2900,-1
TEST_2901,-1
TEST_2902,-1
TEST_2903,-1
TEST_2904,-1
TEST_2905,-1
TEST_2906,-1
TEST_2907,-1
TEST_2908,-1
TEST_2909,-1
TEST_2910,-1
TEST_2911,-1
TEST_2912,-1
TEST_2913,-1
TEST_2914,-1
TEST_2915,-1
TEST_2916,-1
TEST_2917,-1
TEST_2918,-1
TEST_2919,-1
TEST_2920,-1
TEST_2921,-1
TEST_2922,-1
TEST_2923,-1
TEST_2924,-1
TEST_2925,-1
TEST_2926,-1
TEST_2927,-1
TEST_2928,-1
TEST_2929,-1
TEST_2930,-1
TEST_2931,-1
TEST_2932,-1
TEST_2933,-1
TEST_2934,-1
TEST_2935,-1
TEST_2936,-1
TEST_2937,-1
TEST_2938,-1
TEST_2939,-1
TEST_2940,-1
TEST_2941,-1
TEST_2942,-1
TEST_2943,-1
TEST_2944,-1
TEST_2945,-1
TEST_2946,-1
TEST_2947,-1
TEST_2948,-1
TEST_2949,-1
TEST_2950,-1
TEST_2951,-1
TEST_2952,-1
TEST_2953,-1
TEST_2954,-1
TEST_2955,-1
TEST_2956,-1
TEST_2957,-1
TEST_2958,-1
TEST_2959,-1
TEST_2960,-1
TEST_2961,-1
TEST_2962,-1
TEST_2963,-1
TEST_2964,-1
TEST_2965,-1
TEST_2966,-1
TEST_2967,-1
TEST_2968,-1
TEST_2969,-1
TEST_2970,-1
TEST_2971,-1
TEST_2972,-1
TEST_2973,-1
TEST_2974,-1
TEST_2975,-1
TEST_2976,-1
TEST_2977,-1
TEST_2978,-1
TEST_2979,-1
TEST_2980,-1
TEST_2981,-1
TEST_2982,-1
TEST_2983,-1
TEST_2984,-1
TEST_2985,-1
TEST_2986,-1
TEST_2987,-1
TEST_2988,-1
TEST_2989,-1
TEST_2990,-1
TEST_2991,-1
TEST_2992,-1
TEST_2993,-1
TEST_2994,-1
TEST_2995,-1
TEST_2996,-1
TEST_2997,-1
TEST_2998,-1
TEST_2999,-1
